song_code,code_1,artist,title,Num_Raters,wond,tran,tend,nost,peac,joya,ener,sadn,tens
H015,H015,2Pac,All Eyez On Me,28,8.4375,6.011904762,9.266071429,7.34375,17.58928571,15.6202381,12.91428571,0.80952381,12.54761905
H060,H060,2Pac,Keep Ya Head Up,24,4.895833333,6.024305556,4.9,5.520833333,19.809375,13.65972222,5.891666667,3.125,3.6
H059,H059,50 Cent ft. Olivia,Candy Shop,24,7.225694444,1.944444444,15.26666667,12.65625,4.45,33.56597222,20.87430556,0.0,3.15
H041,H041,50 Cent,In Da Club,43,9.263565891,4.178294574,3.306976744,9.808139535,10.3,35.34883721,16.78837209,0.0,7.593023256
H047,H047,Action Bronson,Actin Crazy,25,6.14,5.436666667,1.056,1.25,13.216,15.14,12.434,0.96,17.16133333
H901,H901,AedFX,Warning,30,6.591666667,9.133333333,1.2,0.0,7.4,22.58611111,13.435,2.244444444,31.73027778
H042,H042,Akua Naru,Poetry: How Does It Feel Now,43,11.90503876,7.949612403,18.34534884,10.65213178,27.32829457,5.209302326,3.572093023,1.457364341,6.345348837
H078,H078,A$AP Rocky,Fashion Killa,33,4.03030303,5.656565657,5.795959596,4.981060606,7.828282828,12.41161616,4.95,2.303030303,10.22045455
H029,H029,BBou,Kanona,29,7.543103448,3.640804598,5.524137931,2.047413793,2.503448276,8.793103448,9.29137931,1.655172414,10.67586207
H046,H046,Beastie Boys,Fight For Your Right,25,12.72333333,4.7,1.002666667,10.335,1.952,26.82733333,22.86866667,0.0,18.68066667
H024,H024,Beginner feat. Samy Deluxe,Füchse,31,10.99731183,8.612903226,1.703225806,4.697580645,17.5516129,26.08817204,10.15645161,3.032258065,6.098387097
H006,H006,Biggie Smalls,Hypnotize,12,26.11805556,12.9375,7.75,20.88541667,17.32083333,24.72222222,13.8,0.0,7.35
H106,H106,Big Sean ft. Kendrick Lamar ft. Kendrick Lamar,Control,27,2.62654321,5.358024691,0.0,0.925925926,1.555555556,14.92901235,12.74506173,1.086419753,20.7345679
H075,H075,Blackalicious,Alphabet Aerobics,33,14.55050505,8.97979798,0.0,1.003787879,6.218181818,24.125,18.33308081,0.0,16.78989899
H009,H009,Black Eyed Peas,Where Is The Love,33,23.56818182,24.06313131,4.236363636,18.32449495,5.86969697,22.34974747,18.01060606,10.21212121,4.682828283
H097,H097,"Blackstreet ft. Dr. Dre, Queen Pen",No Diggity,25,17.71666667,3.943333333,4.616,12.42,13.964,21.35166667,9.063,0.0,2.16
H010,H010,Blumio,Lass Mal Über Haie Reden,27,6.308641975,6.546296296,3.603703704,1.50462963,7.133333333,24.99228395,17.82777778,2.222222222,14.37654321
H902,H902,brillion,Aurora,29,11.87643678,8.350574713,23.71551724,24.91522989,40.42327586,5.270114943,0.0,1.011494253,2.518965517
H045,H045,Bushido,Leben Und Tod Des Kenneth Glöckler,30,11.44333333,11.64444444,1.02,1.166666667,5.075,15.83888889,26.01222222,0.711111111,13.29388889
H022,H022,Cardi B,Bodak Yellow,31,6.397849462,4.704301075,2.574193548,0.987903226,4.335483871,28.91155914,25.86129032,0.0,9.667741935
H027,H027,Chance The Rapper,Summer Friends,27,1.317901235,4.037037037,5.327777778,4.143518519,11.38518519,15.16512346,2.966666667,0.0,11.17283951
H090,H090,Chinese Man,I've Got That Tune,30,13.91388889,6.286111111,6.158333333,4.929166667,16.62722222,33.195,14.7,0.0,5.853333333
H904,H904,Claptu feat. Beatmund Noise,Aper,25,8.26,6.486666667,23.616,20.855,42.099,4.153333333,0.0,0.533333333,5.522666667
H903,H903,ClaptuClows,sad octopus,43,10.13372093,6.777131783,16.1503876,21.97189922,38.30600775,2.76744186,0.711627907,2.28875969,1.393023256
H021,H021,Coolio,Gangsta's Paradise,30,18.55555556,9.363888889,1.203333333,15.15277778,7.3,41.12638889,33.95777778,0.688888889,5.708333333
H081,H081,Cunninlynguists,Love Ain't,26,8.884615385,12.86858974,3.230769231,12.18589744,4.709615385,19.84294872,23.18108974,4.025641026,11.71634615
H085,H085,CunninLynguists,Valley of Death,23,11.13405797,13.23913043,0.0,13.08514493,2.77826087,16.55072464,14.13550725,1.362318841,9.308695652
H011,H011,Cyne,One Day,28,8.488095238,5.354166667,4.757142857,5.15625,11.32142857,26.93541667,19.00982143,0.488095238,5.960714286
H053,H053,D-12,Fight Music,37,1.148648649,4.756756757,0.0,4.527027027,2.97972973,20.5045045,27.72454955,0.0,15.28513514
H905,H905,DECAP,Panther,23,7.594202899,9.099637681,1.384782609,0.298913043,2.558695652,14.70833333,8.915942029,0.0,31.39927536
H917,H917,The Deli,5:32pm,26,9.041666667,9.301282051,17.07179487,24.81891026,39.04358974,7.830128205,0.940384615,0.0,5.990384615
H002,H002,Desiigner,Panda,12,24.69444444,4.6875,9.3,0.78125,7.922222222,28.25694444,22.72916667,1.055555556,9.333333333
H906,H906,Dexter,Everyday Like This,37,6.968468468,0.599099099,5.259459459,1.165540541,5.617567568,17.46171171,5.643243243,0.702702703,11.19234234
H115,H115,Die Orsons,Ventilator,27,5.37345679,3.262345679,0.333333333,1.458333333,3.111111111,14.84691358,3.251851852,0.49382716,12.03703704
H907,H907,Dj Shadow,Building Steam With A Grain of Salt,29,5.431034483,7.221264368,3.765517241,4.353448276,6.067241379,12.63505747,10.2591954,3.563218391,23.3408046
H004,H004,DMX,X Gon' Give It To Ya,11,17.27272727,7.053030303,8.6,9.886363636,9.518181818,37.26515152,37.76818182,0.727272727,0.0
H077,H077,Drake,Too Much,32,10.203125,9.208333333,9.665625,14.71875,13.7015625,11.78645833,11.44791667,5.104166667,7.569270833
H113,H113,Dr. Dre,Nuthin' But A G thang,31,12.32258065,4.010752688,4.277419355,10.18145161,13.02311828,25.12903226,14.65591398,1.075268817,8.884946237
H109,H109,Dr. Dre ft. Snoop Dogg,Still D.R.E.,32,8.888020833,8.604166667,1.79375,16.9921875,12.2109375,24.54661458,28.87161458,0.0,6.953125
H036,H036,Eminem,Lose Yourself,27,17.40432099,10.06790123,7.777777778,17.53703704,10.51666667,31.20524691,24.1787037,3.703703704,10.21882716
H033,H033,Eminem,Mockingbird,28,14.64583333,5.5625,9.6,22.60267857,7.930952381,7.607142857,5.828571429,26.58035714,10.42142857
H034,H034,Eminem,Rap God,27,18.78395062,14.83024691,6.103703704,9.074074074,4.955555556,23.83024691,21.32345679,3.086419753,17.39753086
H094,H094,Eminem ft.Nate Dogg,Shake That,25,5.286666667,1.943333333,0.36,7.125,5.694,23.49733333,9.082,0.0,6.76
H087,H087,Eminem,Till I Collapse,30,11.9,15.55555556,1.0,4.895833333,0.0,26.19444444,39.19638889,0.0,10.10111111
H073,H073,eRRdeKa,EdoppelR,43,5.141472868,2.726744186,0.0,2.369186047,7.305426357,15.93313953,7.674418605,0.899224806,11.33837209
H908,H908,Figub Brazlevic,Silent Lava,23,0.913043478,3.532608696,1.539130435,0.842391304,17.82681159,8.213768116,0.417391304,0.0,15.31956522
H909,H909,Flo Filz,keepitreal,43,11.22868217,4.467054264,3.069767442,7.197674419,18.80426357,19.81589147,10.56511628,0.0,11.44612403
H035,H035,Freundeskreis,A-N-N-A,27,3.521604938,6.567901235,12.49444444,13.04938272,17.80925926,3.62962963,0.0,8.919753086,8.47962963
H069,H069,Future,Mask Off,34,10.71568627,3.105392157,3.302941176,6.930147059,3.419852941,20.97916667,16.74264706,1.745098039,12.13333333
H062,H062,Geto Boys,Mind Playing Tricks On Me,23,8.40942029,4.692028986,0.0,1.277173913,5.295652174,11.37318841,7.44057971,0.724637681,19.63586957
H013,H013,Gucci Mane feat. Chris Brown,Tone It Down,28,6.479166667,6.086309524,5.035714286,0.0,11.65714286,25.61458333,18.69345238,0.69047619,14.86130952
H111,H111,Haftbefehl,Lass Die Affen Aus'm Zoo,31,3.838709677,7.795698925,0.793548387,3.568548387,2.4,15.80645161,19.32204301,0.64516129,27.73225806
H070,H070,Ice Cube,It Was A Good Day,34,3.105392157,1.93872549,2.576470588,9.093137255,9.696078431,12.82598039,6.0,0.0,12.18676471
H910,H910,idealism,controlla,27,14.22839506,5.280864198,18.58209877,24.125,38.45648148,6.512345679,2.040740741,8.324074074,0.0
H095,H095,Immortal Technique,Freedom Of Speech,25,4.713333333,3.616666667,0.408,3.825,5.16,13.6,10.51833333,1.173333333,15.092
H048,H048,Immortal Technique,Leaving the past,25,10.93666667,13.31333333,2.088,10.3,7.96,11.57,6.810666667,11.59666667,12.37266667
H040,H040,Jay-Z,99 Problems,44,5.227272727,4.712121212,0.777272727,3.607954545,8.721590909,26.31628788,24.07632576,0.0,11.33787879
H056,H056,Jay Z,Hard Knock Life,35,11.66666667,8.001190476,11.90285714,12.475,11.44142857,22.44761905,9.066666667,3.057142857,7.38
H014,H014,Jay-Z,The Story Of OJ,28,10.56547619,7.645833333,6.282142857,7.34375,19.77559524,19.26785714,12.15357143,1.976190476,12.51607143
H083,H083,Jay-Z & Kanye West,Ni**as In Paris,26,9.419871795,6.326923077,2.238461538,9.951923077,2.307692308,37.81602564,32.65737179,0.0,17.51474359
H112,H112,J. Cole,Wet Dreamz,31,18.64247312,8.497311828,12.97419355,13.6733871,18.97634409,21.4811828,14.22419355,1.397849462,7.182258065
H044,H044,Jedi Mind Tricks,Deathbed Doctrine,30,6.941666667,4.883333333,1.82,1.666666667,3.96,34.41111111,23.35944444,0.0,14.07944444
H911,H911,Joey Pecoraro,Your Favorite Place,31,16.92204301,21.68951613,26.69758065,14.39112903,44.77284946,13.53763441,5.54516129,1.569892473,6.095698925
H054,H054,Jurassic 5,Work It Out,37,6.524774775,8.434684685,5.951351351,8.301801802,14.53378378,28.71396396,11.38648649,0.0,7.981081081
H067,H067,Kanye West ft. Jamie Foxx,Gold Digger,34,14.46323529,2.602941176,3.458823529,14.92647059,7.058823529,41.96887255,22.44705882,0.0,5.933823529
H039,H039,Kanye West,Runaway,31,8.319892473,1.637096774,7.101612903,6.760752688,8.665053763,16.82123656,3.948387097,5.161290323,14.90967742
H031,H031,Kanye West,Touch The Sky,28,9.758928571,5.6875,6.0,11.27232143,10.47619048,29.13630952,14.61785714,0.523809524,4.1375
H092,H092,Kendrick Lamar,Alright,37,5.77027027,3.468468468,0.0,3.716216216,4.504054054,15.31306306,9.443243243,0.0,12.10720721
H038,H038,Kendrick Lamar ft. Gunplay,Cartoons & Cereal,31,7.922043011,10.45967742,0.0,3.225806452,2.806451613,18.59677419,10.32419355,3.010752688,22.04005376
H066,H066,Kendrick Lamar,i,19,4.421052632,4.052631579,1.105263158,0.0,2.147368421,17.98684211,9.281578947,0.0,14.25087719
H088,H088,Kendrick Lamar,Rigamortus,30,5.638888889,3.208333333,1.76,2.125,5.888333333,20.82,15.46222222,1.013888889,18.50888889
H023,H023,Killer Mike,A.D.I.D.A.S.,32,10.75520833,0.9296875,1.35,3.984375,10.0125,24.29088542,5.441666667,1.375,8.172916667
H019,H019,K.I.Z.,Ein Affe und ein Pferd,30,7.311111111,4.986111111,4.32,2.45,6.833333333,21.425,20.86277778,0.0,26.66444444
H020,H020,LL Cool J,Around The Way Girl,30,11.40833333,5.45,11.04777778,8.033333333,20.31972222,26.31277778,10.46333333,1.133333333,3.79
H055,H055,Logic,Black Spiderman,35,8.211904762,7.9,4.748571429,4.953571429,7.221428571,21.5,12.5247619,1.783333333,11.44833333
H912,H912,Lord Finesse,Midas Era,26,11.32051282,9.461538462,2.340384615,8.100961538,19.44551282,24.10448718,9.358974359,0.743589744,13.39038462
H103,H103,Marteria,Kids,23,3.199275362,8.710144928,0.0,2.527173913,7.052173913,22.05434783,4.669565217,3.949275362,12.32318841
H118,H118,Mattafix,Big City Life,29,17.52011494,10.70977011,7.544827586,15.3045977,14.58965517,23.90229885,11.57586207,0.0,4.51954023
H068,H068,Max Herre,1Ste Liebe,34,4.512254902,3.433823529,7.963235294,8.709558824,12.26617647,12.99264706,0.597058824,0.0,11.03970588
H116,H116,Method Man & Redman,How High,27,9.598765432,1.978395062,0.911111111,1.388888889,10.00555556,21.35802469,12.38919753,0.0,8.725925926
H102,H102,Missy Elliott,Work It,23,7.684782609,5.467391304,1.536956522,3.315217391,0.260869565,24.61086957,12.28043478,0.0,11.66376812
H913,H913,monte booker,23,27,9.148148148,14.08641975,7.4,5.944444444,16.07345679,18.69907407,7.071604938,0.0,17.6037037
H003,H003,NAS,Doo Rags,12,24.43055556,18.56944444,19.875,14.29166667,17.55,24.67361111,27.47708333,2.5,0.0
H063,H063,Nas,If I Ruled The World (Imagine That),23,7.630434783,11.36231884,1.552173913,4.684782609,9.655434783,17.39637681,14.56956522,0.0,8.597101449
H099,H099,NAS,N.Y. State of Mind,20,1.433333333,6.008333333,0.0,0.90625,4.1425,14.07083333,17.42,2.4,19.73833333
H058,H058,N.E.R.D & Rihanna,Lemon,24,5.517361111,1.944444444,1.975,3.125,1.24375,18.625,15.43194444,0.0,12.76875
H100,H100,Nicki Minaj feat. Drake,Moment 4 Life,20,8.604166667,14.175,0.0,2.0,2.88,27.59375,31.2825,0.566666667,9.693333333
H920,H920,No Spirit,Glowing Lights,37,3.716216216,9.326576577,12.41216216,12.83783784,36.66486486,1.844594595,2.756756757,3.855855856,3.324324324
H057,H057,The Notorious B.I.G.,Juicy,35,10.78333333,8.216666667,5.297142857,8.707142857,13.6,20.12142857,11.27809524,1.561904762,4.142857143
H080,H080,Obie Trice,Got some Teeth,26,2.019230769,7.538461538,3.3,5.240384615,7.5,32.95064103,20.54807692,0.0,13.02115385
H043,H043,OutKast,B.O.B.,30,6.125,9.1,0.16,3.083333333,6.885,31.78388889,22.0625,0.444444444,17.60972222
H065,H065,OutKast,Ms. Jackson,20,14.36666667,3.354166667,1.23,22.09375,2.43,24.52291667,9.1475,4.233333333,6.835
H012,H012,The Pharcyde,Passin' Me By,27,11.72839506,4.018518519,6.111111111,3.009259259,8.785185185,21.59259259,13.97716049,0.0,15.83888889
H032,H032,Pharoahe Monch,Let's Go,28,5.101190476,7.717261905,0.0,2.544642857,8.464285714,16.68303571,13.39464286,0.0,8.933035714
H914,H914,Philanthrope x tusken,pueblo,33,7.515151515,10.43181818,10.9479798,15.09469697,27.08787879,6.136363636,2.521212121,2.305555556,4.037878788
H052,H052,Post Malone,Congratulations,37,10.35810811,3.626126126,4.360810811,14.1204955,16.95,26.86621622,16.18783784,1.63963964,7.604954955
H061,H061,Prinz Pi,Gibt dem Affen Zucker,24,5.881944444,1.895833333,0.0,0.0,2.785416667,18.625,14.64166667,0.0,16.28541667
H008,H008,Prinz Pi,Laura,34,6.536764706,5.024509804,4.604411765,6.948529412,8.443137255,3.583333333,8.008823529,9.495098039,13.60392157
H117,H117,Public Enemy,Harder Than You Think,29,13.39367816,5.922413793,0.0,4.198275862,5.234482759,30.53591954,25.13563218,1.752873563,13.01637931
H915,H915,quickly quickly,swingtheory,20,6.204166667,9.083333333,3.87,7.40625,14.56916667,13.84916667,6.93,0.0,16.505
H030,H030,The Roots ft. Erykah Badu,You Got Me,29,13.36781609,6.014367816,13.3683908,17.75862069,14.36666667,5.360632184,7.312643678,10.13793103,5.374712644
H096,H096,Sage Francis,Crack Pipes,25,5.853333333,10.56333333,1.104,7.975,3.96,5.591666667,10.494,8.09,14.431
H007,H007,Salt-N-Pepa,Shoop,34,10.04411765,7.394607843,3.137254902,4.871323529,8.905882353,38.18602941,18.51323529,0.0,2.964705882
H025,H025,Scroobius Pip,Let 'Em Come,27,4.688271605,8.354938272,1.911111111,0.902777778,1.666666667,10.91820988,18.47222222,0.0,28.36820988
H026,H026,SIDO,Fuffies Im Club,27,4.12654321,9.24691358,2.177777778,0.856481481,3.911111111,16.89814815,7.355555556,0.987654321,19.37407407
H114,H114,Soul Position,Priceless,27,6.956790123,3.435185185,3.683333333,1.296296296,11.27777778,20.55864198,4.65,0.0,6.295061728
H049,H049,SSIO,Nullkommaneun,29,8.890804598,10.40517241,1.055172414,1.056034483,2.751724138,21.99137931,13.3362069,0.0,23.22729885
H076,H076,SSIO,Sim-Karte,32,6.032552083,5.25,0.0,3.53515625,6.0421875,20.06510417,17.06354167,0.0,14.596875
H916,H916,Suff Daddy,K C Vodka,21,0.0,3.25,2.0,0.922619048,8.86984127,11.3968254,6.428571429,2.285714286,15.08333333
H918,H918,Tom Doolie,Blue Book,59,9.313559322,7.531073446,17.95960452,21.75918079,32.96511299,5.608757062,0.0,2.474576271,4.838983051
H919,H919,tomppabeats,one two step,57,17.64766082,3.950292398,10.74590643,5.56871345,16.85921053,29.24824561,8.371052632,0.116959064,3.702631579
H001,H001,Trailerpark,Schlechter Tag,12,15.65277778,19.68055556,5.3,3.541666667,5.075,22.33333333,2.35,0.0,11.2
H037,H037,Travis Scott,Antidote,31,7.13172043,6.661290323,2.614516129,4.899193548,6.696774194,26.95430108,14.42849462,0.774193548,10.79569892
H028,H028,Twentyone Pilots,Lane Boy,29,10.75862069,7.931034483,0.64137931,1.530172414,7.075862069,16.67528736,20.92011494,2.344827586,4.427586207
H119,H119,Tyler The Creator,Yonkers,29,6.183908046,4.132183908,3.103448276,0.0,3.396551724,10.71494253,20.89597701,2.942528736,22.71781609
H105,H105,Why SL Know Plug,Rite Back,27,7.367283951,4.774691358,0.0,0.347222222,1.377777778,20.87037037,10.87962963,0.543209877,9.317901235
H104,H104,Wiz Khalifa feat. Snoop Dogg,"Young, Wild & Free",18,14.77777778,7.587962963,5.866666667,14.75694444,5.272222222,36.62962963,10.62222222,0.0,4.736111111
H050,H050,Wu-Tang Clan,Da Mystery Of Chessboxin',29,4.807471264,4.988505747,1.448275862,1.228448276,2.793103448,21.33735632,20.21091954,0.0,16.99310345
H005,H005,Xatar,Meine Große Liebe,11,6.462121212,15.85606061,9.272727273,0.0,0.668181818,13.85606061,15.97727273,0.0,3.786363636
H074,H074,Yung Hurn & RIN,Bianco,43,9.081395349,3.771317829,3.055813953,4.098837209,11.90503876,11.60949612,2.623255814,1.984496124,13.90658915
K044,K044,Albinoni,"Concerto a cinque No. 2, Op. 9",27,16.95216049,14.01234568,14.83518519,18.89351852,20.72530864,18.20061728,13.64259259,2.358024691,4.177777778
K004,K004,Alfvén,Midsommarvaka,12,22.3125,20.75,21.45,5.416666667,26.16944444,17.02083333,10.39166667,0.0,2.6
K112,K112,Bach,Brandenburgische Konzerte,29,12.33045977,18.20689655,8.255172414,9.38362069,11.52931034,17.07327586,19.33908046,0.436781609,10.49137931
K001,K001,Bartholdy,Sommernachtstraum,13,11.51282051,16.55128205,3.030769231,11.53846154,11.90769231,17.86538462,11.25,0.961538462,0.923076923
K005,K005,Bartok,Piano Sonata BB 88 (Sz. 80),12,20.51388889,13.95138889,7.579166667,9.270833333,7.65,18.02083333,10.8,0.0,13.4625
K050,K050,Bartok,Sonata 2 pianos percussion,43,13.77713178,13.97868217,2.363953488,3.720930233,6.715116279,12.11531008,9.818604651,0.0,27.35193798
K031,K031,Beethoven,"9. Symphonie, 2. Satz (Toscanini)",31,6.954301075,13.28763441,1.141935484,9.677419355,8.638709677,27.02688172,23.31102151,0.0,14.7483871
K030,K030,Beethoven,Mondscheinsonate,30,22.83611111,20.40694444,13.145,26.94444444,30.57416667,10.53888889,4.28,21.58888889,7.173888889
K041,K041,Beethoven,Sinfonie Nr. 6,28,19.38988095,13.44047619,14.48571429,8.080357143,16.65119048,17.07738095,9.078571429,2.380952381,1.619642857
K114,K114,Beethoven,Sinfonie Nr. 7,29,9.367816092,11.99137931,11.98965517,19.56896552,33.12471264,4.215517241,6.390804598,8.405172414,2.95862069
K070,K070,Beethoven,Sinfonie Nr. 9,24,18.20138889,12.36111111,13.00416667,17.90451389,29.31319444,8.385416667,1.55,1.083333333,4.639583333
K057,K057,Beethoven,"Sonate Nr. 8, 2. Satz",25,13.29366667,16.25266667,25.895,30.48666667,42.222,3.746666667,0.84,20.01333333,4.176
K033,K033,Beethoven,Symphony No.5 in C minor Op.67,31,14.80645161,18.31586022,5.644354839,11.87096774,7.309408602,25.09408602,36.01290323,1.52688172,25.12258065
K069,K069,Beethoven,"Violinensonate Nr. 5 ""Frühlingssonate""",24,18.59722222,16.22222222,12.125,19.296875,23.85625,13.68055556,1.575,3.527777778,3.169444444
K103,K103,Berg,"Quartett, op. 3",33,8.833333333,10.58333333,3.581818182,2.329545455,2.781818182,7.737373737,3.4,1.103535354,34.79116162
K058,K058,Bizet,Carmen (Habanera),29,18.64942529,7.018678161,9.354597701,13.28735632,11.28821839,19.40229885,17.77758621,3.287356322,4.49137931
K007,K007,Borodin,Fürst Igor (Chorus),11,12.62121212,20.56818182,10.03636364,14.06818182,25.05833333,16.65151515,5.290909091,4.96969697,0.0
K048,K048,Brahms,"Klavierquartett Nr. 3 in C-Moll, 3. Satz",31,15.3844086,6.930107527,21.36424731,25.03897849,24.47365591,1.561827957,0.0,11.91397849,10.73709677
K045,K045,Brahms,Klaviersonate Nr. 3 (Zwei Klaviere),27,10.49691358,14.06790123,10.56481481,8.046296296,11.81111111,11.76234568,20.61111111,5.925925926,12.6537037
K076,K076,Brahms,Sinfonie Nr. 4,34,16.90441176,21.99877451,16.25171569,20.25122549,21.83431373,10.48284314,9.587745098,4.99754902,7.288235294
K061,K061,Brahms,"Sonate Nr. 2 für Klarinette, 1. Satz",37,11.85855856,14.94031532,22.57657658,29.31869369,34.06779279,9.572072072,4.091891892,0.882882883,4.434684685
K084,K084,Brahms,Violinkonzert,27,15.68518519,17.81018519,19.39259259,22.2037037,24.58148148,9.586419753,3.531481481,2.308641975,7.609259259
K009,K009,Bruch,"Kol Nidrei, Adagio for Cello and Orchestra, op. 47",11,4.189393939,12.57575758,9.909090909,12.89772727,17.98181818,10.37878788,3.763636364,5.681818182,3.0
K085,K085,Bruckner,8. Sinfonie (Finale),26,15.27083333,20.19871795,1.015384615,0.0,0.0,17.39423077,41.95352564,1.692307692,12.55576923
K107,K107,Carl Orff,O Fortuna (Carmina Burana),31,15.47849462,20.47177419,4.464516129,10.49193548,5.651612903,26.80913978,47.34032258,0.0,7.886021505
K089,K089,Casella,Italia,37,9.204954955,8.13963964,2.85,4.493243243,14.48288288,21.16216216,19.34369369,0.0,5.486486486
K083,K083,Chopin,"3. Klaviersonate, 4. Satz",26,17.88141026,26.42147436,5.367307692,16.24358974,11.94487179,23.49038462,15.09230769,5.301282051,15.71538462
K010,K010,Chopin,Concerto for Piano n°1 in e Minor. Second movement. Larghetto,12,10.45138889,14.13888889,23.89722222,22.86458333,48.15694444,9.930555556,4.05,5.666666667,0.0
K043,K043,Chopin,Etüde Op. 25 No. 1,27,16.15895062,17.79012346,22.34691358,16.93364198,21.58148148,12.0308642,6.333333333,3.333333333,0.666666667
K029,K029,Chopin,Impromptu No. 2,30,16.91111111,14.86805556,24.59222222,23.25972222,43.45972222,14.17777778,4.3,5.955555556,1.82
K077,K077,Chopin,Prelude No. 16 in B-Moll,34,11.40196078,12.43259804,2.664705882,5.183823529,3.947058824,20.02696078,17.91323529,0.37254902,27.9252451
K059,K059,Chopin,Revolutionary Etude,29,14.33333333,13.89942529,1.8,6.452586207,4.19137931,16.5545977,15.65833333,1.968390805,13.12701149
K113,K113,Chopin,Waltz Op.69 No.2,29,13.7816092,8.301724138,16.70057471,18.29741379,30.3933908,14.76436782,3.868965517,0.0,5.089655172
K072,K072,Copland,Appalachian Suite,23,19.03333333,13.52536232,11.86884058,21.34057971,29.50833333,14.03333333,5.243478261,5.043478261,1.982608696
K063,K063,Debussy,Arabesque No. 1,37,15.64752252,21.1204955,28.93873874,33.1509009,44.03648649,7.990990991,1.086486486,3.351351351,1.264864865
K032,K032,Debussy,Clair de lune,31,15.1155914,14.75268817,19.5827957,27.65860215,26.45994624,3.478494624,3.483870968,6.451612903,4.367741935
K110,K110,Debussy,Des pas sur la neige,27,13.6882716,9.633024691,11.03179012,24.09259259,22.88580247,6.027777778,0.0,15.16666667,1.764814815
K035,K035,Debussy,Prélude à l'après-midi d'un faune,26,20.1025641,14.4224359,12.22307692,24.22115385,22.03333333,11.03205128,2.473076923,6.692307692,5.303846154
K014,K014,Delibes,"Coppelia. Ballet in 3 Acts. First act, prélude",34,18.39705882,17.34803922,3.758823529,5.753676471,18.69558824,38.40441176,25.19705882,0.745098039,5.185294118
K101,K101,Dvorák,"9. Sinfonie, 4. Satz",32,16.328125,14.265625,0.0,9.0234375,7.475,14.33072917,29.53046875,3.104166667,12.0328125
K012,K012,Dvorák,9. Sinfonie (II. Largo),33,20.49242424,21.14015152,29.18030303,40.71338384,33.8209596,6.522727273,4.309090909,20.06060606,3.504545455
K098,K098,Elgar,Pomp and Circumstance (1. Marsch),27,13.83796296,12.71296296,2.155555556,2.12962963,3.088888889,24.68518519,25.00246914,0.0,11.1
K017,K017,Fauré,Romance sans Paroles,28,12.65327381,15.01785714,29.31755952,23.10565476,38.23869048,7.931547619,1.478571429,4.5625,1.114285714
K078,K078,Franck,"Violinsonate, 4. Satz",43,13.25872093,8.835271318,12.76782946,18.86821705,29.7003876,9.333333333,3.570930233,8.029069767,3.06627907
K053,K053,Grieg,Norwegische Tänze,30,18.48055556,18.50555556,2.16,1.5625,4.74,26.69166667,29.55722222,0.688888889,19.45388889
K046,K046,Händel,Der Messias (Hallelujah),31,10.00806452,11.0188172,8.316129032,8.274193548,11.97311828,7.61827957,19.23951613,3.956989247,9.780645161
K002,K002,Händel,Lascia ch'io pianga,12,9.340277778,15.99305556,14.76666667,9.010416667,42.24375,13.07638889,7.05,10.59722222,2.1
K037,K037,Händel,Sinfonie in B-Dur (HWV 339),29,14.65229885,7.824712644,6.772413793,2.974137931,6.670689655,28.08477011,19.90201149,0.0,8.832758621
K015,K015,Holst,"The Planets, op. 32. Mars",34,20.2254902,18.95588235,3.141176471,5.886029412,4.530882353,16.33578431,15.95833333,0.294117647,33.15661765
K022,K022,Humperdinck,Hänsel und Gretel (Ouvertüre),28,20.41666667,11.5327381,27.09315476,23.98363095,34.68125,11.55952381,5.069642857,1.285714286,4.5
K055,K055,J.S. Bach,"Konzert 2 Violinen, 2. Satz",25,15.97,7.573333333,20.51,22.33333333,40.177,9.303333333,3.336,5.236666667,3.376
K067,K067,Lalo,Symphonie espagnole,24,20.83680556,16.72222222,7.270833333,9.875,14.65208333,27.97395833,13.34791667,0.0,4.86875
K036,K036,Ligeti,Etüde Arc en Ciel,26,13.22435897,15.6650641,9.005769231,16.95352564,16.30064103,3.657051282,0.715384615,6.387820513,20.08205128
K019,K019,Liszt,Bénédiction de Dieu Dans la Solitude,28,13.98809524,17.96577381,24.84880952,28.92857143,43.97559524,6.229166667,3.457142857,0.0,4.496428571
K060,K060,Liszt,Spanish Rhapsody,29,15.84195402,12.89942529,20.55344828,26.0,30.05431034,10.98132184,1.634482759,1.264367816,3.816091954
K094,K094,Mahler,"6. Symphony, Andante, (Karajan)",20,17.075,11.31875,17.80083333,28.66666667,35.69416667,7.941666667,0.0,1.033333333,6.8675
K038,K038,Mahler,"6. Symphony, Andante, (Karajan)",29,14.35402299,11.25287356,13.85574713,12.80603448,20.57701149,6.135057471,6.931034483,5.103448276,3.165517241
K020,K020,Mendelssohn,"Song Without Words, op. 19, No 1",27,16.70524691,14.5154321,29.91203704,21.87654321,36.23734568,10.57407407,2.422222222,3.395061728,0.733333333
K039,K039,Messiaen,Quatuor pour la fin du Temps,28,10.18452381,14.68154762,6.825,8.678571429,5.610714286,4.255952381,1.028571429,19.5297619,20.54642857
K024,K024,Milhaud,Scaramouche: Brazileira,28,21.45535714,16.0,9.864285714,10.07142857,14.75357143,32.87797619,19.5,0.0,8.760416667
K056,K056,Mozart,25. Sinfonie (I. Allegro con brio),25,18.32333333,16.76333333,3.933,13.5,7.389333333,32.89533333,20.48333333,2.133333333,11.252
K016,K016,Mozart,Die Zauberflöte,27,12.5154321,15.32098765,11.5691358,9.643518519,15.74814815,15.88888889,4.409259259,0.0,7.001851852
K106,K106,Mozart,"Don Giovanni, ""La ci darem la mano""",31,6.129032258,9.107526882,19.87258065,13.82930108,20.40053763,6.760752688,1.219354839,5.161290323,8.726344086
K021,K021,Mozart,Eine kleine Nachtmusik: First movement,28,21.71488095,19.33333333,9.471428571,10.37946429,24.50595238,40.68720238,15.53214286,0.0,4.066071429
K099,K099,Mozart,"Gran Partita, 3. Satz",27,15.41975309,8.293209877,16.15462963,12.99537037,29.81635802,2.787037037,1.911111111,5.052469136,5.472839506
K042,K042,Mozart,Laudate Dominum,28,15.10119048,21.0297619,3.428571429,2.544642857,8.066071429,12.9375,17.29970238,2.30952381,18.17946429
K040,K040,Mozart,Overtüre - Die Entführung aus dem Serail,28,16.83928571,15.5327381,5.442857143,9.575892857,9.514285714,27.70089286,26.9375,0.476190476,4.6
K0031,K0031,Mozart,Overture - Marriage Of Figaro,30,27.30694444,22.06388889,6.946666667,15.89027778,24.85055556,36.7375,31.19916667,0.822222222,6.18
K013,K013,Mozart,Requiem (Lacrimosa),101,19.98638614,24.11509901,10.9009901,18.25082508,11.13283828,11.94719472,17.71485149,7.783828383,13.63465347
K062,K062,Mussorgsky,Bilder einer Ausstellung,37,19.80405405,16.88963964,0.0,4.459459459,0.0,24.73310811,33.40968468,0.0,27.98063063
K047,K047,Palestrina,Missa Brevis (Kyrie),31,14.03494624,21.83333333,12.32903226,16.12365591,27.01639785,2.446236559,6.541935484,6.559139785,6.66827957
K088,K088,Prokofjew,Klaviersonate No. 7,37,4.646396396,8.545045045,0.0,2.685810811,4.843243243,13.18963964,8.918918919,0.0,24.2268018
K111,K111,Puccini,Messa di Gloria,27,13.29012346,8.925925926,5.6,5.100308642,9.248148148,9.774691358,13.20925926,0.0,2.911111111
K081,K081,Rachmaninow,"3. Klavierkonzert, 3. Satz",32,11.3984375,10.82291667,0.0,4.90234375,2.4375,16.86979167,17.22239583,0.625,23.51041667
K075,K075,Rachmaninow,Paganini Variations No. 18,20,20.81666667,8.279166667,18.91583333,25.4,41.46416667,16.50833333,4.08,2.633333333,2.31
K096,K096,Rachmaninow,Preludes op. 32 no. 5,23,14.90942029,8.920289855,20.77681159,23.88405797,39.56268116,7.115942029,0.0,2.666666667,0.0
K102,K102,Ravel,Boléro,33,5.611111111,10.36616162,7.472727273,8.200757576,10.94393939,12.66919192,15.83030303,0.0,5.254545455
K006,K006,Rossini,Wilhelm Tell (Ouvertüre),11,18.51515152,14.72727273,10.73636364,9.488636364,4.527272727,37.43181818,33.39090909,6.181818182,2.236363636
K025,K025,Saint-Saens,Carnival of Animals: Finale,28,23.26190476,15.54166667,5.25,12.86160714,11.125,33.92559524,20.41785714,0.0,8.617857143
K054,K054,Schumann,Études Symphoniques,30,16.99444444,16.15833333,27.59916667,29.70833333,35.44444444,11.50277778,1.58,4.469444444,4.126111111
K051,K051,Schumann,Fantasie in C-Dur,43,15.50116279,16.29651163,11.48488372,22.83333333,21.17751938,10.2248062,5.944186047,3.864341085,4.624418605
K052,K052,Schumann,Kinderszenen,30,8.847222222,6.894444444,5.2725,4.604166667,20.19222222,20.12888889,7.196666667,0.0,8.963333333
K071,K071,Shostakovich,Symphony n°11 in g Minor op. 103. Second movement,23,9.851449275,11.5942029,0.0,3.423913043,3.339130435,8.59057971,18.3057971,0.0,34.65471014
K082,K082,Sibelius,Var det en dröm?,26,16.56730769,16.01826923,10.30512821,10.93108974,12.23205128,5.891025641,6.432692308,13.13782051,11.63397436
K064,K064,Skrjabin,Preludes op. 11 no. 1,35,17.03095238,13.71309524,17.5947619,22.25714286,23.19952381,9.392857143,5.725714286,8.583333333,1.127619048
K092,K092,Skrjabin,Preludes op. 11 no. 15,25,13.43666667,12.19333333,12.686,19.715,34.74066667,6.51,1.932,4.56,0.84
K091,K091,"Strauss, J.","Chit-Chat-Polka, op. 214",25,10.77733333,5.59,2.952,5.8,11.286,29.48433333,20.03266667,0.0,10.395
K108,K108,"Strauss, R.","Rosenkavalier, Act 1",31,14.40053763,13.94892473,13.88387097,16.10483871,18.34892473,1.166666667,2.496774194,9.091397849,9.305376344
K090,K090,Tschaikowski,4. Sinfonie,37,6.337837838,11.58783784,2.513513514,1.317567568,4.816216216,6.468468468,25.44842342,2.216216216,12.07162162
K079,K079,Tschaikowski,Dornröschen,43,11.32364341,10.46317829,1.018604651,4.869186047,4.98372093,21.85077519,35.34399225,0.0,13.72151163
K008,K008,Tschaikowski,Gremin's Aria (Onegin),12,14.99305556,12.59722222,9.15,8.177083333,20.76666667,7.583333333,8.05,3.333333333,8.4
K073,K073,Tschaikowski,Marsch (Nussknacker),19,14.92105263,6.929824561,4.344736842,18.95175439,12.75789474,24.86842105,24.25,0.736842105,0.0
K034,K034,Tschaikowski,Schwanensee,26,21.49070513,23.08108974,18.84583333,18.59455128,8.309615385,18.86538462,16.66217949,8.333333333,5.976923077
K065,K065,Tschaikowski,Slawischer Marsch,35,13.05952381,15.02380952,4.611428571,3.996428571,4.44,15.8,16.5297619,1.611904762,27.12285714
K049,K049,Tschaikowski,"Symphony, 1 Scherzo",44,11.3844697,13.15909091,6.192424242,8.662878788,12.0375,21.08560606,11.72765152,0.0,12.06439394
K011,K011,Tschaikowski,Walzer (Onegin),33,15.46212121,6.646464646,7.509090909,5.681818182,16.47424242,38.30479798,21.51010101,0.0,6.046464646
K066,K066,Verdi,der Troubadour,35,12.4547619,12.97142857,5.703333333,3.035714286,13.41714286,21.01071429,16.89190476,0.0,6.254285714
K086,K086,Verdi,La Traviata,30,17.73194444,10.18194444,19.24055556,22.63194444,28.36722222,10.99166667,7.17,1.577777778,3.751666667
K068,K068,Verdi,Requiem (Dies Irae),24,10.71875,20.71527778,0.425,1.015625,2.25,18.66666667,31.66354167,1.614583333,23.80208333
K093,K093,Vivaldi,Die 4 Jahreszeiten (Frühling),20,12.6625,9.933333333,4.2175,18.78541667,12.24,17.15833333,18.26333333,1.433333333,6.82
K109,K109,Vivaldi,Die 4 Jahreszeiten (Herbst),27,16.37592593,10.5462963,5.848148148,11.78858025,15.55740741,12.82716049,7.435185185,3.234567901,6.335185185
K097,K097,Vivaldi,Die 4 Jahreszeiten (Sommer),23,14.78405797,16.72101449,12.64782609,13.8423913,20.85072464,6.15942029,4.095652174,8.445652174,5.97826087
K074,K074,Vivaldi,Die 4 Jahreszeiten (Winter),20,15.99166667,13.9875,4.11,7.8125,5.07,17.725,17.84333333,2.033333333,14.7075
K080,K080,Vivaldi,L'Estro Armonico (Concerto No. 9),33,16.67929293,20.22348485,13.47777778,15.24368687,27.83787879,23.18308081,7.565151515,0.565656566,5.458585859
K0100,K0100,Wagner,"Tristan & Isolde, Liebestod",27,14.38271605,8.558641975,2.6,5.509259259,1.822222222,13.30864198,10.60925926,1.358024691,20.98703704
P004,P004,Aerosmith,I Don't Want To Miss A Thing,12,24.50694444,12.21527778,28.84166667,36.26388889,26.51666667,26.61111111,18.8,8.506944444,4.45
P132,P132,Akon,Lonely,27,13.64197531,2.138888889,10.92839506,24.86111111,11.95185185,16.02777778,2.0,16.04320988,1.777777778
P111,P111,Alicia Keys,If I Ain't Got You,30,15.71333333,12.51666667,34.97444444,24.11388889,26.67944444,10.74166667,8.701111111,6.35,6.108333333
P027,P027,All American Rejects,Fallin Apart,30,16.7,9.994444444,6.0,5.733333333,15.8,35.78861111,24.20333333,0.0,5.388333333
P110,P110,Amy Macdonald,Mr Rock & Roll,30,10.20833333,2.177777778,11.58111111,16.73194444,10.63833333,25.45833333,5.048333333,2.844444444,3.186666667
P146,P146,Amy Winehouse,Back To Black,29,16.98275862,11.6637931,17.90775862,29.96264368,17.16724138,16.14655172,10.72413793,4.965517241,1.655172414
P120,P120,Angus and Julia Stone,Big Jet Plane,25,9.466666667,5.923333333,13.81866667,16.025,19.96133333,7.946666667,1.944,5.726666667,1.872
P031,P031,AnnenMayKantereit,Wohin Du Gehst,32,11.703125,7.8203125,3.225,17.4375,8.6765625,23.63932292,20.83958333,1.4921875,6.0296875
P118,P118,Arctic Monkeys,Do I Wanna Know,25,16.21666667,14.77666667,4.938,17.03333333,11.278,15.915,15.208,1.333333333,3.616
P042,P042,Arctic Monkeys,Fluorescent Adolescent,28,28.37202381,5.458333333,5.357142857,11.70535714,12.31428571,38.61607143,14.5375,2.214285714,1.196428571
P055,P055,Aretha Franklin,(You Make Me Feel Like) A Natural Woman,43,15.21705426,13.43217054,16.54418605,16.53585271,13.50077519,21.3246124,15.87926357,3.406976744,2.148837209
P035,P035,Atomic Kitten,Whole Again,27,14.65740741,5.077160494,14.81604938,21.65277778,6.642592593,21.39814815,4.422222222,1.481481481,2.066666667
P104,P104,Avril Lavigne,Complicated,26,10.04615385,12.75897436,7.028846154,39.80448718,12.49423077,28.32371795,18.56089744,7.413461538,3.651282051
P096,P096,Babybird,If You'll Be Mine,43,12.84302326,3.843023256,16.43139535,12.96899225,18.78217054,10.96511628,5.277906977,3.346899225,4.031395349
P086,P086,Backstreet Boys,Everybody,21,18.83333333,2.527777778,0.0,25.26785714,3.361904762,32.26785714,20.65714286,0.0,5.4
P092,P092,Backstreet Boys,I Want It That Way,34,9.534313725,2.401960784,5.368627451,32.67892157,13.69264706,35.975,7.396078431,1.887254902,1.588235294
P134,P134,Bag Raiders,Shooting Stars,31,19.06989247,5.803763441,6.941935484,15.17204301,17.65887097,32.65134409,9.076612903,0.215053763,7.269354839
P079,P079,The Beach Boys,Good Vibrations,24,13.80555556,4.715277778,7.722916667,18.41145833,16.38541667,28.55729167,11.8125,2.447916667,4.15
P106,P106,Beach Boys,Wouldn't It Be Nice,28,25.61011905,8.833333333,8.880357143,26.75892857,17.56666667,38.04077381,11.0625,0.0,2.871428571
P137,P137,The Beatles,Let It Be,31,19.88709677,15.58064516,23.22956989,38.23655914,33.20483871,13.47849462,6.620967742,5.86827957,0.987096774
P040,P040,The Beatles,Strawberry Fields Forever,29,14.29310345,9.537356322,24.79741379,22.08477011,25.07270115,6.333333333,2.172413793,2.275862069,5.99137931
P063,P063,Bee Gees,Words,25,11.155,5.218333333,7.908,14.89666667,22.77766667,8.346666667,5.2,1.173333333,15.28433333
P100,P100,Beyonce,Halo,33,15.97020202,13.4030303,11.08787879,18.89015152,12.92424242,15.08838384,22.1020202,9.275252525,6.963636364
P140,P140,Bilderbuch,Maschin,27,7.280864198,2.435185185,2.527777778,5.069444444,9.916666667,20.14382716,10.13981481,0.0,10.47592593
P126,P126,Black Eyed Peas,I Gotta Feeling,23,22.65217391,5.865942029,2.465217391,20.00543478,5.452173913,46.34710145,27.74565217,0.0,7.391304348
P046,P046,Black Eyed Peas,Just Can't Get Enough,27,6.283950617,8.296296296,9.318518519,13.06481481,12.88209877,17.26080247,4.8,0.666666667,2.985185185
P102,P102,B.O.B. feat. Bruno Mars,Nothing On You,26,22.92948718,9.519230769,15.43141026,18.41666667,14.725,24.63621795,11.3,0.384615385,2.621153846
P028,P028,Bon Iver,Skinny Love,30,26.05,15.26666667,19.2025,38.11944444,31.71888889,16.93055556,5.191666667,8.880555556,2.181666667
P109,P109,Bon Jovi,Livin On A Prayer,30,15.83055556,8.866666667,4.198333333,16.17222222,5.4,32.5,31.43916667,0.0,5.453333333
P006,P006,Boy,Little Numbers,12,34.73611111,18.70138889,15.95416667,11.82638889,19.30416667,32.86805556,8.4,2.333333333,0.0
P030,P030,Brett Dennen,Closer To You,32,10.86458333,3.755208333,15.43489583,16.4921875,27.60442708,7.299479167,4.06875,4.989583333,4.275
P011,P011,Brett Dennen,She's Mine,33,12.9520202,5.154040404,18.65151515,14.44191919,27.83585859,18.69065657,2.504545455,0.707070707,6.101515152
P037,P037,Britney Spears,Baby One More Time,29,14.4454023,9.215517241,11.51724138,16.05603448,9.88045977,27.08103448,19.64051724,4.643678161,8.146551724
P018,P018,Bruno Mars,Grenade,28,16.52380952,9.863095238,14.77678571,21.86160714,8.391071429,31.77053571,16.17321429,6.086309524,5.958928571
P049,P049,Bruno Mars,Treasure,31,14.22043011,5.620967742,10.56612903,6.85483871,16.74677419,35.80537634,15.45,0.559139785,4.359139785
P038,P038,Carlos Santana,Smooth,28,12.38690476,0.770833333,8.630357143,6.459821429,5.580357143,33.42708333,18.05714286,0.0,4.673214286
P069,P069,Carly Rae Jepsen,Call Me Maybe,37,17.63513514,1.166666667,4.324324324,25.24324324,9.048648649,44.85630631,17.53918919,0.0,7.840540541
P087,P087,Chain Smokers,Paris,20,16.67916667,3.9375,14.265,21.7875,19.055,16.32083333,7.1375,0.770833333,3.7925
P047,P047,Childish Gambino,Redbone,27,7.064814815,7.595679012,15.9882716,15.85185185,13.88518519,17.91358025,3.911111111,2.197530864,9.362962963
P144,P144,Chris Brown,Forever,29,17.43678161,1.790229885,10.42068966,10.14367816,5.655172414,26.19971264,11.25517241,0.0,9.632758621
P058,P058,The Collapsable Hearts Club,Easy Streets,30,10.55,2.566666667,2.42,6.520833333,6.568333333,25.76722222,9.225,0.0,16.44444444
P112,P112,Daniel Powter,Bad Day,30,15.43333333,4.841666667,22.88611111,28.53472222,19.85222222,24.225,7.78,5.441666667,0.48
P115,P115,David Gray,Please Forgive me,37,10.32094595,7.047297297,4.118918919,9.914414414,12.42297297,11.44707207,3.956756757,0.0,5.740540541
P065,P065,David Guetta,Memories,29,5.57183908,2.795977011,1.779310345,9.030172414,3.551724138,33.53706897,13.95,0.0,10.17873563
P143,P143,Der Junge mit der Gitarre,Hallo Worum Gehts Ich Bin Dagegen,29,11.19827586,8.106321839,0.0,0.0,4.196551724,27.52011494,15.0183908,1.333333333,8.74137931
P108,P108,Dido,White Flag,26,6.256410256,11.51282051,18.72211538,25.94871795,26.22596154,11.00641026,2.123076923,5.923076923,4.698717949
P045,P045,Ed Sheeran,Shape Of You,27,23.51851852,10.86111111,15.22839506,22.26388889,13.4,31.74845679,9.87037037,3.407407407,8.037037037
P101,P101,Elle King,Ex's &Oh's,26,18.82371795,10.04807692,4.992307692,14.0,8.292307692,46.07019231,36.10096154,0.0,5.792307692
P075,P075,Ellie Goulding,Burn,35,12.32380952,11.5452381,7.758571429,8.746428571,6.741428571,26.34642857,17.14095238,1.314285714,3.034285714
P025,P025,Elton John,Don't Go Breaking My Heart,30,25.66111111,11.04444444,6.42,15.84166667,21.23944444,45.85027778,18.9725,0.0,4.4
P008,P008,Elton John,Your Song,35,17.09761905,14.03333333,14.48857143,24.31666667,13.69095238,12.50238095,15.73333333,15.2452381,3.394285714
P016,P016,Enya,Only Time,27,14.68209877,20.625,18.75308642,26.33333333,29.91882716,10.39197531,10.16111111,13.24382716,1.266666667
P138,P138,Eric Clapton,Tears In Heaven,31,20.57795699,17.92473118,23.74408602,39.11693548,27.36182796,3.857526882,2.941935484,19.83870968,1.258064516
P103,P103,Five for fighting,Easy Tonight,26,7.576923077,12.83653846,14.97564103,23.76923077,16.74679487,15.68589744,8.086538462,3.862179487,6.355769231
P141,P141,Fleetwood Mac,Dreams,27,12.04012346,9.345679012,17.40864198,22.0,22.82098765,14.05864198,3.244444444,1.358024691,1.711111111
P124,P124,Frank Ocean,Thinkin Bout You,21,10.3531746,3.738095238,10.46428571,14.75793651,18.31269841,11.57142857,0.0,4.888888889,11.37142857
P135,P135,Gary Jules,Mad World,33,15.375,9.075757576,9.224242424,40.33080808,16.79393939,2.156565657,0.981818182,29.94444444,4.095454545
P125,P125,Genesis,I Can't Dance,23,2.782608696,4.141304348,1.956521739,6.440217391,6.31884058,21.69202899,13.90217391,0.0,5.75942029
P121,P121,George Ezra,Budapest,21,21.67460317,10.26587302,9.29047619,15.35119048,23.53968254,30.02380952,5.573809524,3.484126984,7.050793651
P097,P097,Gnarls Barkley,Crazy,33,14.74621212,9.964646465,5.281818182,11.32575758,19.86994949,32.45858586,17.45757576,1.060606061,7.594444444
P001,P001,Gorillaz,Feel good Inc.,13,37.20512821,15.21153846,15.51538462,10.96153846,17.73846154,27.92948718,14.21923077,0.0,4.430769231
P059,P059,Gotye,Somebody That I Used To Know,30,13.21111111,11.325,12.05666667,27.23055556,17.46722222,25.45833333,7.523333333,12.19166667,2.48
P044,P044,The Head And The Heart,Rivers And Roads,28,16.12202381,7.592261905,20.4547619,30.33482143,21.58571429,7.294642857,1.435714286,18.88392857,0.707142857
P084,P084,Hey Judeschka!,ImmerwiederSommertag,24,11.50347222,6.684027778,16.91076389,12.640625,31.35520833,8.833333333,0.5,8.545138889,0.875
P117,P117,Imogen Heap,Goodnight And Go,25,8.42,4.116666667,10.524,4.966666667,10.596,13.08,3.354666667,0.0,8.664
P088,P088,Imogen Heap,Hide and Seek,21,8.78968254,7.055555556,3.542857143,16.35714286,13.28333333,2.916666667,4.0,14.25,8.278571429
P051,P051,The Jackson 5,Who's Lovin You,31,17.6344086,8.467741935,20.38521505,23.84274194,23.22258065,14.62634409,4.780645161,4.795698925,0.0
P128,P128,James Morrison,I Won't Let You Go,23,7.411231884,4.427536232,18.29565217,16.83333333,17.98623188,8.641304348,1.930434783,5.391304348,2.765217391
P002,P002,Jamiroquai,Virtual Insanity,13,36.82051282,6.416666667,11.3,18.50961538,14.95,29.32692308,22.84615385,0.615384615,0.0
P071,P071,Jeff Buckley,Hallelujah,37,27.06418919,22.50225225,28.03018018,37.05968468,32.8795045,4.45045045,2.027027027,20.97522523,0.502702703
P014,P014,Jeremy Kay,Have It All,27,14.66049383,8.475308642,25.08148148,13.81635802,18.92777778,17.70987654,10.51111111,6.046296296,1.311111111
P048,P048,Johnny Cash,Hurt,27,11.72839506,7.990740741,9.54382716,25.20061728,16.44074074,4.175925926,5.066666667,25.29012346,3.8
P003,P003,Jose Gonzales,Heartbeats,12,30.05555556,12.29861111,33.07777778,27.53125,34.46527778,0.0,5.804166667,6.222222222,0.0
P060,P060,Justin Bieber,Love Yourself,30,9.966666667,7.583333333,27.97,17.92916667,27.64472222,18.10277778,0.2,5.622222222,1.88
P073,P073,Justin Timberlake,My Love,35,12.02619048,8.233333333,13.72714286,6.660714286,12.4052381,23.00595238,16.66428571,1.238095238,7.287142857
P029,P029,Katie Perry,I Kissed A Girl,31,19.51344086,7.413978495,4.001612903,15.31048387,9.387096774,39.79005376,27.14946237,1.032258065,5.032258065
P017,P017,Katie Tunstall,Suddenly I See,28,22.42857143,9.339285714,13.44107143,14.35863095,13.36339286,42.06607143,19.9264881,0.0,1.028571429
P062,P062,Katy Perry,Swish Swish,25,10.82666667,2.943333333,1.652,1.8,9.216,34.26066667,19.096,1.626666667,10.07533333
P015,P015,Keane,Everybodys Changing,28,14.13095238,12.1547619,8.601785714,19.67113095,20.89166667,20.67589286,5.650595238,9.202380952,1.05
P089,P089,Kings of Leon,Sex On Fire,34,10.96323529,10.44607843,10.66911765,17.26593137,7.494117647,35.94485294,21.5372549,2.019607843,1.398529412
P107,P107,Kodaline,High Hopes,26,16.91666667,8.205128205,19.58717949,29.24519231,20.4525641,5.048076923,1.976923077,20.81089744,2.307692308
P123,P123,The Kooks,Naive,20,16.03333333,11.65833333,11.5375,24.68125,18.965,27.35833333,11.585,0.0,2.0725
P009,P009,Lady Gaga,Pokerface,34,13.89705882,8.100490196,0.0,19.11764706,6.917647059,44.80980392,26.87083333,0.0,1.923529412
P039,P039,Leon Bridges,River,28,15.73809524,11.00446429,19.32619048,17.26339286,24.42053571,8.782738095,3.385714286,2.547619048,2.057142857
P033,P033,Leslie Clio,I Couldnt Care Less,26,11.74038462,3.141025641,6.853846154,1.009615385,14.95769231,26.02339744,11.96923077,0.0,5.215384615
P129,P129,Lianne La Havas,What You Don't Do,27,11.98148148,5.293209877,10.31481481,2.060185185,8.792592593,21.61419753,10.19444444,0.0,5.654320988
P098,P098,Lily Allen,Fuck You,32,14.25520833,0.783854167,1.78125,12.3828125,16.0546875,34.20182292,23.27526042,0.0,7.634375
P012,P012,Little Big Town,Girl Crush,33,12.17424242,6.116161616,24.86136364,16.34090909,16.24823232,8.46969697,5.798484848,13.2979798,3.909090909
P139,P139,Lola Marsh,Wishing Girl,27,9.064814815,9.913580247,8.353703704,6.111111111,15.36975309,13.87808642,4.133333333,0.345679012,5.421604938
P077,P077,Luis Fonsi,Despacito,24,14.75694444,7.145833333,16.15625,13.15104167,3.95,36.32465278,15.93125,0.0,6.794444444
P082,P082,Mac Demarco,Salad Days,24,7.9375,4.809027778,9.833333333,9.970486111,22.87881944,5.870486111,2.475,5.75,8.45
P019,P019,Macklemore,Same Love,28,24.89702381,11.41666667,19.48244048,23.37797619,18.97380952,19.16964286,7.696428571,4.178571429,2.835714286
P010,P010,Madonna,Don't Tell Me,33,5.921717172,4.772727273,6.181818182,11.06060606,16.06060606,18.18484848,5.354545455,0.0,7.951515152
P131,P131,Maggie reilly,Everytime We Touch,27,8.197530864,1.922839506,15.59814815,15.72530864,15.2382716,11.89506173,6.325925926,2.222222222,7.066666667
P020,P020,Magic!,Let Your Hair Down,28,10.35416667,6.922619048,18.00178571,13.625,23.02767857,11.61607143,5.014285714,0.0,7.932142857
P136,P136,Mark Ronson,Uptown Funk,31,19.69623656,5.930107527,1.683870968,7.100806452,17.02258065,47.7438172,32.13467742,0.0,6.572043011
P094,P094,Marvin Gaye,Lets Get It On,43,13.42829457,1.492248062,29.81472868,14.87112403,17.3996124,23.07170543,4.027906977,0.0,1.034883721
P122,P122,Marvin Gaye,Sexual Healing,20,15.43333333,5.891666667,22.38,8.825,15.61166667,23.53125,11.8125,1.733333333,7.873333333
P090,P090,M.I.A.,Paper Planes,34,8.509803922,4.409313725,0.511764706,8.823529412,3.933088235,27.90931373,14.76323529,0.0,12.31029412
P105,P105,Miley Cyrus,Party In The U.S.A,28,21.2797619,5.598214286,3.728571429,14.13839286,12.85,41.72708333,19.14107143,1.047619048,6.039285714
P052,P052,Moby,Porcelain,31,13.41397849,9.137096774,12.55806452,18.48521505,20.42795699,10.44892473,3.632258065,0.0,0.735483871
P093,P093,Namika,Lieblingsmensch,43,13.43023256,6.728682171,10.54844961,11.78391473,15.03333333,20.93410853,5.536046512,0.0,4.648449612
P007,P007,Neil Diamind,Sweet Caroline,12,23.00694444,13.90277778,13.54305556,18.33333333,4.1,32.86805556,11.05,0.0,0.0
P119,P119,Neil Diamond,I Am I Said,25,9.086666667,1.68,6.6,10.31166667,8.77,9.311666667,6.65,3.38,1.536
P056,P056,Nina Simone,Feeling Good,43,12.11337209,15.29844961,17.13992248,19.2122093,17.53992248,30.04651163,23.9996124,0.387596899,1.953488372
P076,P076,Oasis,All Around The World,35,13.77619048,9.342857143,11.24142857,22.33095238,19.1752381,18.81547619,4.944285714,3.307142857,2.64
P142,P142,Oasis,Don't Look Back In Anger,27,10.30555556,7.595679012,14.0962963,31.84722222,15.00030864,18.47037037,3.987037037,10.03395062,6.560493827
P091,P091,Of Monsters and Men,Empire,34,13.55147059,10.50490196,17.22058824,12.73161765,17.95490196,14.75980392,10.41029412,3.490196078,2.847794118
P072,P072,Oli Brown,Speechless,37,5.486486486,2.018018018,6.632432432,9.679054054,13.18063063,28.68581081,12.09054054,2.846846847,6.375675676
P081,P081,OutKast,Roses,23,9.532608696,0.0,3.682608696,5.054347826,12.12391304,27.21195652,11.66086957,0.0,7.104347826
P095,P095,Owl City,Fireflies,43,18.87984496,5.13372093,5.977906977,20.63468992,16.35348837,21.77131783,8.427906977,0.992248062,1.827906977
P041,P041,Panic! at the Disco,Nine In The Afternoon,28,16.44642857,11.00297619,12.8797619,14.35267857,10.43630952,27.93928571,14.46607143,2.380952381,4.714285714
P116,P116,Paramore,The Only Exception,37,8.698198198,5.407657658,10.73783784,20.13738739,15.91756757,9.774774775,3.243243243,9.362612613,3.052252252
P053,P053,Pharrell Williams,Happy,44,20.40340909,5.276515152,3.381818182,7.877840909,18.10681818,44.53143939,22.06704545,0.0,3.827651515
P070,P070,Phil Collins,In The Air Tonight,37,15.92454955,11.70720721,13.31036036,36.53265766,21.45157658,14.82545045,10.73918919,8.486486486,6.144144144
P036,P036,Pink,Who Knew,26,10.78205128,8.032051282,9.753846154,27.23397436,8.168269231,23.20705128,21.51346154,11.75641026,1.523076923
P099,P099,Pitbull,Better On Me,34,6.399509804,5.49754902,12.27083333,8.268382353,17.27132353,26.6747549,11.06470588,1.801470588,9.377941176
P043,P043,Puff Daddy,I'll Be Missing You,28,22.24702381,12.95833333,14.51904762,28.7797619,13.12916667,19.47619048,5.807142857,12.14880952,3.634821429
P066,P066,Rihanna,Umbrella,29,21.24425287,7.081896552,7.406896552,21.15086207,7.09137931,27.7387931,10.24195402,3.706896552,5.687931034
P114,P114,Rihanna,Work,37,8.024774775,1.198198198,5.697297297,4.239864865,7.228378378,21.1509009,9.813513514,0.0,8.242567568
P013,P013,Robin Schulz,Sugar,27,10.90802469,4.885802469,6.274074074,8.663580247,14.23981481,32.12654321,24.05617284,0.0,5.3
P145,P145,Ryan Adams,Lucky Now,29,14.44252874,9.07183908,17.12931034,13.75,30.12241379,16.11637931,4.262068966,3.41954023,9.062068966
P064,P064,Sam Smith,Lay Me Down,25,16.42333333,16.07333333,26.74633333,25.54833333,26.85466667,2.586666667,0.0,25.79,0.0
P034,P034,Shakira,Hips Don't Lie,26,18.90384615,4.105769231,8.788461538,13.53365385,13.17692308,43.73141026,22.17211538,0.0,4.592307692
P127,P127,Shakira,Underneath your clothes,23,8.192028986,3.985507246,16.77826087,18.18478261,20.92246377,11.46014493,1.460869565,3.710144928,1.226086957
P054,P054,Spice Girls,Wannabe,44,13.52272727,1.100378788,3.490909091,13.71306818,15.06022727,47.85833333,24.13522727,0.0,5.611363636
P078,P078,Steely Dan,Do It Again,24,10.26736111,4.083333333,6.05,10.05729167,10.49791667,21.984375,10.38541667,0.0,3.1125
P050,P050,Stevie Wonder,I Wish,31,15.16666667,1.053763441,4.083870968,9.415322581,8.458064516,40.20053763,13.7516129,1.655913978,1.548387097
P005,P005,Sugababes,Push The Button,11,27.57575758,9.272727273,7.527272727,15.56818182,7.2,36.60606061,25.47272727,4.606060606,10.55909091
P113,P113,Tal Bachman,Shes So High,36,19.39814815,3.861111111,7.741666667,18.14351852,7.579166667,29.89699074,8.706944444,2.363425926,0.866666667
P133,P133,Tame Impala,The Less I Know The Better,32,14.54166667,5.1015625,12.06354167,19.30078125,25.56171875,17.71041667,6.0453125,1.9140625,3.25
P074,P074,Taylor Swift,Look What You Made Me Do,35,9.142857143,7.335714286,6.617142857,3.035714286,3.6,24.63071429,23.02857143,0.0,9.758571429
P061,P061,Theo Katzman,Hard Work,25,23.17,4.946666667,4.1,5.131666667,14.416,32.81166667,14.065,0.0,6.854
P032,P032,Tracy Chapman,Fast Car,31,14.64247312,12.49193548,21.2327957,30.15725806,32.58736559,12.65591398,2.187096774,5.370967742,2.260752688
P067,P067,Vanessa Carlton,A Thousand Miles,29,26.49137931,4.304597701,13.86494253,27.53591954,13.57586207,32.85201149,5.917241379,2.92816092,4.32183908
P026,P026,The Weeknd,Starboy,30,21.35555556,11.14166667,12.89333333,10.575,14.745,24.64777778,10.27333333,4.355555556,10.23444444
P057,P057,Whitney Houston,I Wanna Dance With Somebody,30,23.94722222,7.15,10.10833333,25.57083333,14.98,51.0425,28.60638889,2.377777778,0.94
P083,P083,Wrabel,The Village,23,19.16666667,13.77898551,18.16086957,14.19384058,20.88333333,11.77898551,5.8,16.85507246,3.626086957
P085,P085,Zara Larsson,Lush Life,20,17.47083333,2.566666667,0.45,12.4375,7.65,33.95416667,12.67,0.0,3.57
